{
  "baseline": [
    {
      "iteration": 1,
      "accuracy": 0.9666666666666667,
      "QM": 0.925,
      "QH": 0.9925,
      "P": 0.16666666666666666,
      "accepted_errors": 2,
      "total_errors": 12
    },
    {
      "iteration": 2,
      "accuracy": 0.9648148148148148,
      "QM": 0.8901666666666668,
      "QH": 0.9815166666666667,
      "P": 0.3333333333333333,
      "accepted_errors": 1,
      "total_errors": 3
    },
    {
      "iteration": 3,
      "accuracy": 0.9648148148148148,
      "QM": 0.8364700000000002,
      "QH": 0.9651636666666668,
      "P": 0.0,
      "accepted_errors": 0,
      "total_errors": 2
    },
    {
      "iteration": 4,
      "accuracy": 0.9648148148148148,
      "QM": 0.7795027333333335,
      "QH": 0.9431139400000002,
      "P": 0.0,
      "accepted_errors": 0,
      "total_errors": 1
    },
    {
      "iteration": 5,
      "accuracy": 0.9648148148148148,
      "QM": 0.7181255213333335,
      "QH": 0.9149264921333335,
      "P": 0.0,
      "accepted_errors": 0,
      "total_errors": 1
    }
  ],
  "rag": [
    {
      "iteration": 1,
      "accuracy": 0.9666666666666667,
      "QM": 0.9666666666666667,
      "QH": 1.0,
      "P": 0.0,
      "accepted_errors": 0,
      "total_errors": 0
    },
    {
      "iteration": 2,
      "accuracy": 0.9666666666666667,
      "QM": 0.9666666666666667,
      "QH": 1.0,
      "P": 0.0,
      "accepted_errors": 0,
      "total_errors": 0
    },
    {
      "iteration": 3,
      "accuracy": 0.9666666666666667,
      "QM": 0.9666666666666667,
      "QH": 1.0,
      "P": 0.0,
      "accepted_errors": 0,
      "total_errors": 0
    },
    {
      "iteration": 4,
      "accuracy": 0.9666666666666667,
      "QM": 0.9666666666666667,
      "QH": 1.0,
      "P": 0.0,
      "accepted_errors": 0,
      "total_errors": 0
    },
    {
      "iteration": 5,
      "accuracy": 0.9666666666666667,
      "QM": 0.9666666666666667,
      "QH": 1.0,
      "P": 0.0,
      "accepted_errors": 0,
      "total_errors": 0
    }
  ],
  "ea": [
    {
      "iteration": 1,
      "accuracy": 0.9666666666666667,
      "QM": 0.925,
      "QH": 0.9925,
      "P": 0.16666666666666666
    },
    {
      "iteration": 2,
      "accuracy": 0.9648148148148148,
      "QM": 0.9133148148148148,
      "QH": 0.9838314814814815,
      "P": 0.0
    },
    {
      "iteration": 3,
      "accuracy": 0.9648148148148148,
      "QM": 0.9115811111111111,
      "QH": 0.9749895925925925,
      "P": 0.0
    },
    {
      "iteration": 4,
      "accuracy": 0.9648148148148148,
      "QM": 0.9098127333333333,
      "QH": 0.9659708659259258,
      "P": 0.0
    },
    {
      "iteration": 5,
      "accuracy": 0.9648148148148148,
      "QM": 0.908008988,
      "QH": 0.9567717647259258,
      "P": 0.0
    }
  ],
  "ea_rag": [
    {
      "iteration": 1,
      "accuracy": 0.9666666666666667,
      "QM": 0.925,
      "QH": 0.9925,
      "P": 0.16666666666666666
    },
    {
      "iteration": 2,
      "accuracy": 0.9648148148148148,
      "QM": 0.8735,
      "QH": 0.9798500000000001,
      "P": 0.0
    },
    {
      "iteration": 3,
      "accuracy": 0.9648148148148148,
      "QM": 0.81947,
      "QH": 0.9617970000000001,
      "P": 0.0
    },
    {
      "iteration": 4,
      "accuracy": 0.9648148148148148,
      "QM": 0.8118294,
      "QH": 0.9429799400000001,
      "P": 1.0
    },
    {
      "iteration": 5,
      "accuracy": 0.9648148148148148,
      "QM": 0.750425388,
      "QH": 0.9180224788000001,
      "P": 0.0
    }
  ]
}