{
  "baseline_ml": [
    {
      "iteration": 1,
      "accuracy": 0.95,
      "QM": 0.8996296296296297,
      "QH": 0.9949814814814815,
      "P": 0.06666666666666667
    },
    {
      "iteration": 2,
      "accuracy": 0.9462962962962963,
      "QM": 0.8491277777777778,
      "QH": 0.9874378703703703,
      "P": 0.0
    },
    {
      "iteration": 3,
      "accuracy": 0.9462962962962963,
      "QM": 0.8145382314814815,
      "QH": 0.9781647819444445,
      "P": 0.3333333333333333
    },
    {
      "iteration": 4,
      "accuracy": 0.9462962962962963,
      "QM": 0.762354709675926,
      "QH": 0.9662825174282408,
      "P": 0.0
    },
    {
      "iteration": 5,
      "accuracy": 0.9425925925925925,
      "QM": 0.7256496280854168,
      "QH": 0.9525649988325117,
      "P": 0.3333333333333333
    },
    {
      "iteration": 6,
      "accuracy": 0.9462962962962963,
      "QM": 0.6709061279686679,
      "QH": 0.9361103052309451,
      "P": 0.0
    },
    {
      "iteration": 7,
      "accuracy": 0.9351851851851852,
      "QM": 0.6478504918250957,
      "QH": 0.9185028298221999,
      "P": 0.6666666666666666
    },
    {
      "iteration": 8,
      "accuracy": 0.9444444444444444,
      "QM": 0.623034108140649,
      "QH": 0.8996545352292323,
      "P": 0.6666666666666666
    },
    {
      "iteration": 9,
      "accuracy": 0.9462962962962963,
      "QM": 0.5629995616635722,
      "QH": 0.8778045133124109,
      "P": 0.0
    },
    {
      "iteration": 10,
      "accuracy": 0.9425925925925925,
      "QM": 0.51744667966148,
      "QH": 0.853676847295485,
      "P": 0.3333333333333333
    }
  ],
  "rag_ml": [
    {
      "iteration": 1,
      "accuracy": 0.9388888888888889,
      "QM": 0.9462962962962963,
      "QH": 1.0,
      "P": 0.0
    },
    {
      "iteration": 2,
      "accuracy": 0.9388888888888889,
      "QM": 0.9462962962962963,
      "QH": 1.0,
      "P": 0.0
    },
    {
      "iteration": 3,
      "accuracy": 0.9388888888888889,
      "QM": 0.9462962962962963,
      "QH": 1.0,
      "P": 0.0
    },
    {
      "iteration": 4,
      "accuracy": 0.9388888888888889,
      "QM": 0.9462962962962963,
      "QH": 1.0,
      "P": 0.0
    },
    {
      "iteration": 5,
      "accuracy": 0.9388888888888889,
      "QM": 0.9462962962962963,
      "QH": 1.0,
      "P": 0.0
    },
    {
      "iteration": 6,
      "accuracy": 0.9388888888888889,
      "QM": 0.9462962962962963,
      "QH": 1.0,
      "P": 0.0
    },
    {
      "iteration": 7,
      "accuracy": 0.9388888888888889,
      "QM": 0.9462962962962963,
      "QH": 1.0,
      "P": 0.0
    },
    {
      "iteration": 8,
      "accuracy": 0.9388888888888889,
      "QM": 0.9462962962962963,
      "QH": 1.0,
      "P": 0.0
    },
    {
      "iteration": 9,
      "accuracy": 0.9388888888888889,
      "QM": 0.9462962962962963,
      "QH": 1.0,
      "P": 0.0
    },
    {
      "iteration": 10,
      "accuracy": 0.9388888888888889,
      "QM": 0.9462962962962963,
      "QH": 1.0,
      "P": 0.0
    }
  ],
  "ea_ml": [
    {
      "iteration": 1,
      "accuracy": 0.9518518518518518,
      "QM": 0.8962962962962963,
      "QH": 0.9948148148148148,
      "P": 0.0
    },
    {
      "iteration": 2,
      "accuracy": 0.9518518518518518,
      "QM": 0.8457777777777777,
      "QH": 0.9871037037037037,
      "P": 0.0
    },
    {
      "iteration": 3,
      "accuracy": 0.9518518518518518,
      "QM": 0.794488148148148,
      "QH": 0.9768281111111111,
      "P": 0.0
    },
    {
      "iteration": 4,
      "accuracy": 0.9518518518518518,
      "QM": 0.7588376259259259,
      "QH": 0.9647699924074075,
      "P": 0.3333333333333333
    },
    {
      "iteration": 5,
      "accuracy": 0.9537037037037037,
      "QM": 0.7053146251666667,
      "QH": 0.9500357236657408,
      "P": 0.0
    },
    {
      "iteration": 6,
      "accuracy": 0.9537037037037037,
      "QM": 0.6669848641999074,
      "QH": 0.9333849668757362,
      "P": 0.3333333333333333
    },
    {
      "iteration": 7,
      "accuracy": 0.95,
      "QM": 0.6353233608874811,
      "QH": 0.9151511349201102,
      "P": 0.5
    },
    {
      "iteration": 8,
      "accuracy": 0.9481481481481482,
      "QM": 0.5935051410461588,
      "QH": 0.8948263919724182,
      "P": 0.3333333333333333
    },
    {
      "iteration": 9,
      "accuracy": 0.9537037037037037,
      "QM": 0.5496544469100673,
      "QH": 0.8723091143179216,
      "P": 0.3333333333333333
    },
    {
      "iteration": 10,
      "accuracy": 0.9555555555555556,
      "QM": 0.4868853583418594,
      "QH": 0.8466533822350145,
      "P": 0.0
    }
  ],
  "ea_rag_ml": [
    {
      "iteration": 1,
      "accuracy": 0.9444444444444444,
      "QM": 0.9462962962962963,
      "QH": 1.0,
      "P": 0.0
    },
    {
      "iteration": 2,
      "accuracy": 0.9444444444444444,
      "QM": 0.9462962962962963,
      "QH": 1.0,
      "P": 0.0
    },
    {
      "iteration": 3,
      "accuracy": 0.9425925925925925,
      "QM": 0.9462962962962963,
      "QH": 1.0,
      "P": 0.0
    },
    {
      "iteration": 4,
      "accuracy": 0.9462962962962963,
      "QM": 0.9462962962962963,
      "QH": 1.0,
      "P": 0.0
    },
    {
      "iteration": 5,
      "accuracy": 0.9462962962962963,
      "QM": 0.9462962962962963,
      "QH": 1.0,
      "P": 0.0
    },
    {
      "iteration": 6,
      "accuracy": 0.9462962962962963,
      "QM": 0.9462962962962963,
      "QH": 1.0,
      "P": 0.0
    },
    {
      "iteration": 7,
      "accuracy": 0.9462962962962963,
      "QM": 0.9462962962962963,
      "QH": 1.0,
      "P": 0.0
    },
    {
      "iteration": 8,
      "accuracy": 0.9462962962962963,
      "QM": 0.9462962962962963,
      "QH": 1.0,
      "P": 0.0
    },
    {
      "iteration": 9,
      "accuracy": 0.9481481481481482,
      "QM": 0.9462962962962963,
      "QH": 1.0,
      "P": 0.0
    },
    {
      "iteration": 10,
      "accuracy": 0.9425925925925925,
      "QM": 0.9462962962962963,
      "QH": 1.0,
      "P": 0.0
    }
  ]
}